{
    "altLanguages": {
        "de":"Deutsch",
        "en":"English",
        "es":"Español",
        "fr":"Français",
        "it":"Italiano",
        "pt":"Português",
        "th":"ไทย",
        "ja":"日本語", 
        "zh":"简体中文",
        "pl":"Polski",
        "ro":"Română",
        "nl":"Nederlands",
        "el":"Ελληνικά",
        "cs":"Čeština",
        "hu":"Magyar",
        "sv":"Svenska",
        "bg":"Български",
        "da":"Dansk",
        "sk":"Slovenčina",
        "fi":"Suomi",
        "hr":"Hrvatski",
        "lt":"Lietuvių",
        "sl":"Slovenščina",
        "lv":"Latviešu",
        "et":"Eesti",
        "hi":"हिन्दी"
    }
}